public_name,parent_name,nested,address_911,acreage,property_classification,ppr_use,park_area,park_length
Williams Moore Reed Memorial Park,Williams Moore Reed Memorial Park,N,3600 N 11TH ST,0.9728607,PARK,RECREATION_SITE,6718.48828125,325.853575897883
Nicetown Park,Nicetown Park,N,4301 GERMANTOWN AVE,3.0184954,PARK,NEIGHBORHOOD_PARK,20853.48828125,1283.91736080625
Wissahickon East,Wissahickon East,N,7530 ANDERSON ST,5.6176792,CONSERVATION,NATURE_AREA,38866.34375,951.750342571916
Ottinger Tract,Ottinger Tract,N,7808 NIXON ST,4.48293164,CONSERVATION,NATURE_AREA,30993.55078125,1441.50508307938
William H (Billy) Markward Memorial Playground,Schuylkill River Park,Y,400 S LECOUNT ST,3.75279089,PARK,RECREATION_SITE,25871.45703125,1094.40263230147
Schuylkill River Park,Schuylkill River Park,N,300 S 25TH ST,3.94782599,PARK,SQUARE_PLAZA,27216.9140625,799.048353778069
Robert A Borski Park,Robert A Borski Park,N,3101 ORTHODOX ST,10.56733676,PARK,NEIGHBORHOOD_PARK,72921.2578125,1304.88066791016
Wissahickon Valley Park,Wissahickon Valley Park,N,,1683.46408689,WATERSHED_PARK,NATURE_AREA,11641052.0039062,91233.2847582771
West Fairmount Park,West Fairmount Park,N,,1032.55142449,WATERSHED_PARK,NATURE_AREA,7127186.23046875,70965.8974942236
Pennypack Park,Pennypack Park,N,,1353.25928959,WATERSHED_PARK,NATURE_AREA,9362140.94921875,50417.2570292922
East Fairmount Park,East Fairmount Park,N,,450.99245889,WATERSHED_PARK,NATURE_AREA,3112516.24609375,34217.6929671631
Tacony Creek Park,Tacony Creek Park,N,,200.41837515,WATERSHED_PARK,NATURE_AREA,1385039.30859375,19006.3578100094
Franklin Delano Roosevelt Park,Franklin Delano Roosevelt Park,N,3500 S BROAD ST,346.92950911,WATERSHED_PARK,SQUARE_PLAZA,2388504.703125,6568.83057578173
Hunting Park,Hunting Park,N,1101 W HUNTING PARK AVE,71.10080685,PARK,SQUARE_PLAZA,491156.0234375,4036.79237487914
Awbury Park and Recreation Center,Awbury Park and Recreation Center,N,6101 ARDLEIGH ST,27.91895059,PARK,RECREATION_SITE,193069.25,2019.27688652016
Fisher Park,Fisher Park,N,572 W SPENCER ST,24.49826734,PARK,RECREATION_SITE,169363.03125,1798.57864739625
Eastwick Regional Playground,Eastwick Regional Playground,N,7899 MERCURY PL,22.83103017,PARK,RECREATION_SITE,157199.859375,3777.76963109673
Whitby Avenue Playground,Cobbs Creek Park,Y,1300 COBBS CREEK PKY,5.6460138,PARK,RECREATION_SITE,38915.81640625,949.454742488627
29th and Passyunk Park,29th and Passyunk Park,N,2827 W PASSYUNK AVE,0.55602517,PARK,NEIGHBORHOOD_PARK,3830.25,247.032047878549
Price Street Play Lot,Price Street Play Lot,N,185 W PRICE ST,0.18667007,PARK,NEIGHBORHOOD_PARK,1290.109375,147.665354712901
Sedgley Woods Disc Golf Course,East Fairmount Park,Y,3400 RESERVOIR DR,21.13119828,PARK,SPORTS_COMPLEX,145803.25390625,1661.31318896304
Robert Wilson III Park,Cobbs Creek Park,Y,6100 BALTIMORE AVE,1.16279606,PARK,RECREATION_SITE,8015.19140625,360.391789088481
Rufus O Williams Memorial Playground,Cobbs Creek Park,Y,700 COBBS CREEK PKY,3.83112544,PARK,RECREATION_SITE,26413.4375,817.250366150502
Lauretha Vaird Fields,Tacony Creek Park,Y,4800 WHITAKER AVE,6.30820388,MANAGED_SITE,SPORTS_COMPLEX,43583.73046875,858.843003790131
Torresdale and Enfield Fields,Pennypack Park,Y,4600 ENFIELD AVE,6.58785936,PARK,SPORTS_COMPLEX,45538.6484375,1309.04110482529
Chamounix Tennis Courts,West Fairmount Park,Y,3601 CHAMOUNIX DR,4.16762387,PARK,SPORTS_COMPLEX,28774.5859375,1281.84781744479
Smith Memorial Playground and Playhouse,East Fairmount Park,Y,3418 SMITH MEMORIAL DR,4.58905863,MANAGED_SITE,RECREATION_SITE,31667.8203125,730.793017840738
Garland and Bingham Fields,Tacony Creek Park,Y,620 GARLAND ST,3.48386697,PARK,RECREATION_SITE,24077.85546875,825.642883069293
Hammond and Nedro Fields,Tacony Creek Park,Y,5901 HAMMOND AVE,4.04153295,MANAGED_SITE,SPORTS_COMPLEX,27937.46484375,773.909743368942
Wissahickon Environmental Center,Wissahickon Valley Park,Y,300 W NORTHWESTERN AVE,2.54220901,OTHER,ENVIRONMENTAL_EDUCATION_CENTER,17594.5234375,654.043349321601
Ford Road Playground,West Fairmount Park,Y,3905 FORD RD,1.59552321,PARK,SQUARE_PLAZA,11016.0546875,449.485675382015
Verree and Susquehanna Playground,Pennypack Park,Y,8543 VERREE RD,3.85260749,PARK,RECREATION_SITE,26663.1015625,1049.84986507962
Jose Manuel Collazo Park,Jose Manuel Collazo Park,N,3261 MASCHER ST,1.53912457,PARK,RECREATION_SITE,10626.7265625,413.465264213461
Frankford and Solly Playground,Pennypack Park,Y,8318 FRANKFORD AVE,2.19570089,PARK,NATURE_AREA,15179.82421875,507.640083445753
26th and Pennsylvania Playground,East Fairmount Park,Y,2700 PENNSYLVANIA AVE,0.06715696,PARK,RECREATION_SITE,463.2578125,90.0511486496512
Rainbow De Colores Playground,Rainbow De Colores Playground,N,2326 N 05TH ST,0.26964676,PARK,RECREATION_SITE,1861.05078125,187.019699506916
10th and Lemon Playground,10th and Lemon Playground,N,1015 MOUNT VERNON ST,0.21888515,PARK,RECREATION_SITE,1509.671875,169.494220724511
Butler and Percy Play Lot,Butler and Percy Play Lot,N,919 W BUTLER ST,0.1432794,PARK,NEIGHBORHOOD_PARK,989.56640625,124.780907191426
Horton Street Play Lot,Horton Street Play Lot,N,233 HORTON ST,0.10438242,PARK,NEIGHBORHOOD_PARK,719.9921875,111.898570972592
Lawrence Street Playground,Lawrence Street Playground,N,856 N LAWRENCE ST,0.14325748,PARK,NEIGHBORHOOD_PARK,988.125,139.176145767741
Webb Street Play Lot,Webb Street Play Lot,N,2538 WEBB ST,0.10208345,PARK,NEIGHBORHOOD_PARK,704.265625,112.767032321898
Hunting Park Recreation Center,Hunting Park,Y,1101 W HUNTING PARK AVE,5.36610847,PARK,RECREATION_SITE,37069.875,823.17236417434
Belmont Plateau,West Fairmount Park,Y,1800 BELMONT MANSION DR,46.97519876,PARK,SPORTS_COMPLEX,324232.37890625,2387.83196858873
Edgley Fields,East Fairmount Park,Y,2100 RESERVOIR DR,28.20644489,PARK,SPORTS_COMPLEX,194696.0625,1744.46342810595
Dairy Fields,East Fairmount Park,Y,3700 MOUNT PLEASANT DR,14.78784358,PARK,SPORTS_COMPLEX,102058.3359375,1283.57871963292
Salvatore Pachella Memorial Field,Wissahickon Valley Park,Y,6901 HENRY AVE,9.49051085,PARK,SPORTS_COMPLEX,65613.5546875,1102.95825210437
Belmont and Edgley Fields,West Fairmount Park,Y,4105 EDGLEY AVE,9.46663162,PARK,SPORTS_COMPLEX,65354.6640625,1334.33980014937
David P Montgomery Field,Wissahickon Valley Park,Y,5366 HERMIT LN,3.27315818,PARK,SPORTS_COMPLEX,22614.171875,737.07198829537
Dell Music Center,East Fairmount Park,Y,3101 STRAWBERRY MANSION DR,8.53095893,OTHER,EVENT_SPACE,58893.69140625,1335.49447976711
Sweetbriar Fields,West Fairmount Park,Y,3700 SWEETBRIAR LN,10.07926987,PARK,SPORTS_COMPLEX,69547.52734375,1055.34577703006
Ohio House Fields,West Fairmount Park,Y,4700 STATES DR,4.86951583,PARK,SPORTS_COMPLEX,33608.70703125,852.406188129494
Chamounix Fields North,West Fairmount Park,Y,3299 CHAMOUNIX DR,4.01151827,PARK,SPORTS_COMPLEX,27698.4375,700.411167966456
Chamounix Fields South,West Fairmount Park,Y,3701 CHAMOUNIX DR,4.41428278,PARK,SPORTS_COMPLEX,30474.4296875,692.434620135295
John F Boyce Memorial Field,Wissahickon Valley Park,Y,5901 HENRY AVE,3.37906449,PARK,SPORTS_COMPLEX,23352.6953125,687.181908868075
Arrow Field,Wissahickon Valley Park,Y,640 W WALNUT LN,3.37049183,PARK,SPORTS_COMPLEX,23291.53515625,688.278886584943
Pennypack Environmental Center,Pennypack Park,Y,8600 VERREE RD,2.34791348,OTHER,ENVIRONMENTAL_EDUCATION_CENTER,16252.83203125,523.604683174155
Cobbs Creek Golf Course,Cobbs Creek Park,Y,7900 LANSDOWNE AVE,323.23522797,MANAGED_SITE,GOLF,2229839.8515625,12669.22783843
Pennypack on the Delaware,Pennypack on the Delaware,N,8201 STATE RD,180.49905658,WATERSHED_PARK,SPORTS_COMPLEX,1247392.32421875,13088.4140637208
Fox Chase Farm,Fox Chase Farm,N,8821 PINE RD,119.97564552,MANAGED_SITE,GARDEN_FARM,830578.34765625,3907.89756130181
Morris Park,Morris Park,N,6600 SHERWOOD RD,119.08908588,PARK,NATURE_AREA,821739.75,6624.40620277788
Juniata Golf Club,Tacony Creek Park,Y,1391 E CAYUGA ST,91.92960299,MANAGED_SITE,GOLF,635043.50390625,4652.88776116918
Winter Street Greenway,Benjamin Franklin Parkway,Y,BENJ FRANKLIN PKY,0.78129229,PARK,RECREATION_SITE,5386.7890625,679.857405946185
Walnut Lane Golf Club,Wissahickon Valley Park,Y,5819 MAGDALENA ST,67.27524206,MANAGED_SITE,GOLF,464904.1171875,5827.26406746531
61st and Cobbs Creek Park,Cobbs Creek Park,Y,61ST & COBBS CREEK,5.16387796,PARK,NATURE_AREA,35596.9375,1037.39575876361
Walton Run,Walton Run,N,11200 ACADEMY RD,90.7082626,PARK,NATURE_AREA,627888.70703125,6253.61003671598
John F Byrne Golf Club,John F Byrne Golf Club,N,9550 LEON ST,85.74746206,MANAGED_SITE,GOLF,593109.2578125,4176.82510982045
Joseph C Fluehr Memorial Park,Joseph C Fluehr Memorial Park,N,4800 GRANT AVE,65.3787993,PARK,SPORTS_COMPLEX,452133.12109375,3072.7117002222
Philadelphia Zoo,West Fairmount Park,Y,3400 W GIRARD AVE,55.03027276,MANAGED_SITE,OTHER,379641.58203125,4266.56277262964
Manatawna Farm,Manatawna Farm,N,100 SPRING LN,64.52573195,MANAGED_SITE,GARDEN_FARM,446276.296875,3965.82801490652
Wisters Woods Park,Wisters Woods Park,N,1998 BELFIELD AVE,61.00310521,PARK,NATURE_AREA,421624.07421875,7417.84714558895
Fairmount Park Horticulture Center,West Fairmount Park,Y,4200 HORTICULTURAL DR,39.1906528,OTHER,EVENT_SPACE,270457.36328125,3013.00510183419
Wooden Bridge Run,Wooden Bridge Run,N,2855 WILLITS RD,49.97198536,PARK,NATURE_AREA,345685.55859375,4658.81377346631
Bartrams Garden,Bartrams Garden,N,5400 LINDBERGH BLVD,49.90831811,MANAGED_SITE,HISTORIC_SITE,343904.54296875,3538.67951408173
Wissinoming Park,Wissinoming Park,N,5801 FRANKFORD AVE,42.63252407,PARK,RECREATION_SITE,294567.203125,2216.66894777079
Roxborough Reservoir Park,Roxborough Reservoir Park,N,601 PORT ROYAL AVE,37.28503739,PARK,GREENWAY,257859.79296875,2021.17172455041
Carroll Park (Cobbs Creek),Cobbs Creek Park,Y,7800 CITY AVE,29.57754926,CONSERVATION,NATURE_AREA,204083.84765625,2504.98710700287
Laura Sims Skating Rink,Cobbs Creek Park,Y,200 S 63RD ST,3.02269117,PARK,SPORTS_COMPLEX,20845.45703125,671.483696609526
Holme Crispin Park,Holme Crispin Park,N,2999 HOLME AVE,31.64380001,PARK,SPORTS_COMPLEX,218851.6796875,3325.54649621317
Disston Park,Disston Park,N,6447 KEYSTONE ST,23.49995295,PARK,SPORTS_COMPLEX,162358.15234375,4343.49007877225
Poquessing Creek Park 1,Poquessing Creek Park,Y,1247 STEVENS RD,22.85302344,WATERSHED_PARK,NATURE_AREA,158385.7734375,3092.13623015087
Jim Junod Recreation Center,Jim Junod Recreation Center,N,12770 DUNKS FERRY RD,23.51589184,PARK,RECREATION_SITE,162859.17578125,1674.5513845044
Mann Older Adult Center,Ramonita Negron Rivera Recreation and Community Center,Y,3201 N 05TH ST,1.28211808,OTHER,OLDER_ADULT_SITE,8852.375,387.443907349711
Michael Palmer Playground,Michael Palmer Playground,N,2972 COMLY RD,74.15825179,PARK,RECREATION_SITE,513500.16796875,4043.88037374147
29th and Chalmers Playground,29th and Chalmers Playground,N,2900 N 29TH ST,12.42792905,PARK,RECREATION_SITE,85805.97265625,1600.99201201018
Joseph E Mander Playground,East Fairmount Park,Y,2102 N 33RD ST,22.26594622,PARK,RECREATION_SITE,153685.1015625,1574.91263941323
Marconi Plaza,Marconi Plaza,N,2700 S BROAD ST,18.84613709,PARK,SQUARE_PLAZA,129800.96875,2098.04847410173
Fort Mifflin,Fort Mifflin,N,4800 FORT MIFFLIN RD,40.37292582,MANAGED_SITE,HISTORIC_SITE,277734.30859375,3600.28570593147
J Francis Finnegan Playground,J Francis Finnegan Playground,N,6801 GROVERS AVE,17.69740338,PARK,RECREATION_SITE,121886.85546875,1833.57539529408
Lawncrest Recreation Center,Lawncrest Recreation Center,N,6030 RISING SUN AVE,14.83826654,PARK,RECREATION_SITE,102591.1875,1381.91600772223
Pastorius Park,Pastorius Park,N,200 W HARTWELL LN,16.4611563,PARK,NEIGHBORHOOD_PARK,113892.8984375,1639.2779557634601
Joseph F Vogt Playground,Joseph F Vogt Playground,N,4351 UNRUH AVE,15.83185436,PARK,RECREATION_SITE,109404.57421875,1403.38833454721
American Legion Playground,American Legion Playground,N,4801 DEVEREAUX AVE,15.72173189,PARK,RECREATION_SITE,108609.984375,1363.73371334566
George Jacobs Playground,George Jacobs Playground,N,4500 LINDEN AVE,14.68924535,PARK,RECREATION_SITE,101574.328125,1369.23199963312
Fox Chase Recreation Center,Fox Chase Recreation Center,N,7901 RIDGEWAY ST,16.36916298,PARK,RECREATION_SITE,113263.5625,1538.34936286447
Torresdale Recreation Center,Torresdale Recreation Center,N,9501 LEON ST,14.22119289,PARK,RECREATION_SITE,98360.5859375,1389.36403543536
William B Simons Recreation Center,William B Simons Recreation Center,N,7224 WOOLSTON AVE,13.12051496,PARK,RECREATION_SITE,90752.55078125,1263.76911352794
Olney Recreation Center,Olney Recreation Center,N,199 E SPENCER AVE,13.62146671,PARK,RECREATION_SITE,94166.765625,1312.85553824205
Wakefield Park,Wakefield Park,N,5300 N 16TH ST,14.64808094,PARK,NEIGHBORHOOD_PARK,101235.61328125,1975.17995676014
Charles A Russo Playground,Charles A Russo Playground,N,7301 TORRESDALE AVE,12.46289021,PARK,RECREATION_SITE,86125.8359375,1186.86403613757
Max Myers Playground,Max Myers Playground,N,1805 HELLERMAN ST,12.37033782,PARK,RECREATION_SITE,85506.9609375,1232.70662897787
Corporal Jimmy OConnor Memorial Playground,Corporal Jimmy OConnor Memorial Playground,N,4340 DEERPATH LN,13.73990355,PARK,RECREATION_SITE,95091.53125,2096.04275111416
Gustine Recreation Center,Gustine Recreation Center,N,4842 RIDGE AVE,12.12361947,MANAGED_SITE,SPORTS_COMPLEX,83738.328125,1287.66844477759
Clarence H Clark Park,Clarence H Clark Park,N,4301 CHESTER AVE,12.03396792,PARK,NEIGHBORHOOD_PARK,82961.57421875,1786.22328062492
William A Lackman Memorial Playground,William A Lackman Memorial Playground,N,1165 BARTLETT ST,11.44183675,PARK,RECREATION_SITE,79233.73046875,1145.94601697567
William (Billy) Gambrel Playground,William (Billy) Gambrel Playground,N,1900 WAKELING ST,11.54475246,PARK,RECREATION_SITE,79743.88671875,1184.68408402938
Suffolk Park,Suffolk Park,N,7401 LINDBERGH BLVD,11.30889162,PARK,RECREATION_SITE,77867.80859375,1160.15568490942
Carmella A DiTizio Playground,Carmella A DiTizio Playground,N,2150 WAKELING ST,11.18315124,PARK,RECREATION_SITE,77239.6953125,1102.92890254623
George C Pelbano Playground,George C Pelbano Playground,N,2138 SOLLY AVE,10.51602635,PARK,RECREATION_SITE,72738.46875,1111.75220270964
Joseph A Ferko Playground,Tacony Creek Park,Y,1101 E CAYUGA ST,10.53091284,PARK,RECREATION_SITE,72742.16015625,1580.76480832541
Germany Hill,Germany Hill,N,4849 SMICK ST,10.82682679,CONSERVATION,NATURE_AREA,74829.83984375,1332.5284398503
Thomas E Jardel Memorial Field,Thomas E Jardel Memorial Field,N,1400 COTTMAN AVE,10.77963065,PARK,RECREATION_SITE,74549.921875,1107.56199869163
Daniel Boyle Memorial Recreation Center,Daniel Boyle Memorial Recreation Center,N,13045 KELVIN AVE,10.68965923,PARK,RECREATION_SITE,74072.859375,1183.72158636656
Stenton Park,Stenton Park,N,1699 W COURTLAND ST,14.76482079,PARK,RECREATION_SITE,102017.2890625,1257.83466925942
Clearview Park,Clearview Park,N,7600 BUIST AVE,5.69403866,PARK,NEIGHBORHOOD_PARK,39208.90625,1562.40994644676
Charles A Papa Playground,Morris Park,Y,6839 LANSDOWNE AVE,8.53013415,PARK,RECREATION_SITE,58852.62109375,1471.30273420465
Water Tower Recreation Center,Water Tower Recreation Center,N,267 E HARTWELL LN,9.54956974,PARK,RECREATION_SITE,66081.15625,1538.06781336522
James J Ramp Playground,James J Ramp Playground,N,3340 SOLLY AVE,9.04397754,PARK,RECREATION_SITE,62530.859375,1161.40663956455
Elizabeth M Picariello Playground,Elizabeth M Picariello Playground,N,10815 CALERA RD,10.35795095,PARK,RECREATION_SITE,71691.0078125,1251.64668463895
Reyburn Park,Reyburn Park,N,1950 W LEHIGH AVE,7.25306354,PARK,SPORTS_COMPLEX,50070.7265625,1282.22427864607
Ronald Trumbette Playground,Ronald Trumbette Playground,N,9050 TORRESDALE AVE,8.46819384,PARK,RECREATION_SITE,58551.7890625,1012.06717076261
Seymour Tarken Recreation Center,Seymour Tarken Recreation Center,N,6350 FRONTENAC ST,8.89483047,PARK,RECREATION_SITE,61488.08203125,1021.75045230982
33rd and Oxford Driving Range,East Fairmount Park,Y,3300 RESERVOIR DR,8.21639785,MANAGED_SITE,GOLF,56696.9140625,966.811313458919
Edward Houseman Playground,Edward Houseman Playground,N,900 E GODFREY AVE,8.66516115,PARK,RECREATION_SITE,59879.30078125,1111.89710680443
Samuel F Houston Playground,Wissahickon Valley Park,Y,994 SEQUOIA RD,6.20141897,PARK,RECREATION_SITE,42904.65234375,921.992533330133
Vernon Park,Vernon Park,N,5754 GERMANTOWN AVE,8.47444085,PARK,SQUARE_PLAZA,58573.08203125,1067.54369726638
Haddington-Marshall L Shepard Sr Recreation Center,Haddington-Marshall L Shepard Sr Recreation Center,N,5700 HAVERFORD AVE,8.21454581,PARK,RECREATION_SITE,56662.39453125,979.852671071755
Penn Treaty Park,Penn Treaty Park,N,1299 BEACH ST,8.52023264,PARK,SQUARE_PLAZA,58758.13671875,1283.97935288355
Wingohocking Park,Wingohocking Park,N,1200 W WINGOHOCKING ST,8.34381239,PARK,NEIGHBORHOOD_PARK,57644.3828125,1312.97749942166
W Freeland Kendrick Recreation Center,W Freeland Kendrick Recreation Center,N,5878 RIDGE AVE,8.01513139,PARK,RECREATION_SITE,55387.2421875,931.283098563259
Fanny Kemble Abolitionist Memorial Park,Fanny Kemble Abolitionist Memorial Park,N,5641 OGONTZ AVE,8.000155,PARK,NEIGHBORHOOD_PARK,55301.8125,1088.01019856653
Bridesburg Recreation Center,Bridesburg Recreation Center,N,4625 RICHMOND ST,7.98273891,PARK,RECREATION_SITE,55115.5,938.238515973491
Bradford Park,Bradford Park,N,2400 FAUNCE ST,8.51281098,PARK,NEIGHBORHOOD_PARK,58863.1796875,995.670353959267
Johnny Sample Recreation Center,Cobbs Creek Park,Y,250 S 63RD ST,6.76257694,PARK,RECREATION_SITE,46635.21484375,1396.1893223204
Francis J Myers Recreation Center,Francis J Myers Recreation Center,N,5800 CHESTER AVE,7.62504584,PARK,RECREATION_SITE,52546.11328125,935.559657270548
Somerton Woods,Somerton Woods,N,900 WELTON ST,7.59133886,CONSERVATION,NATURE_AREA,52592.6171875,958.413270647642
Thomas B Smith Recreation Center,Thomas B Smith Recreation Center,N,2200 S 24TH ST,7.5907246,PARK,RECREATION_SITE,52295.578125,997.532840719317
Rittenhouse Square,Rittenhouse Square,N,1800 WALNUT ST,7.31387262,PARK,SQUARE_PLAZA,50423.78515625,870.116925672067
Russell DeRitis Playground,Russell DeRitis Playground,N,5655 GRAYS AVE,1.11819679,PARK,RECREATION_SITE,7705.13671875,429.669953804908
Samuel Rose Recreation Center,Cobbs Creek Park,Y,1225 N 75TH ST,7.36635958,MANAGED_SITE,RECREATION_SITE,50821.171875,932.258064330144
Loudoun Park,Loudoun Park,N,4650 GERMANTOWN AVE,7.66799045,PARK,NEIGHBORHOOD_PARK,52983.484375,1197.59608983095
Elmwood Park,Elmwood Park,N,7101 DICKS AVE,7.23458398,PARK,SQUARE_PLAZA,49824.97265625,851.182883617039
Harry S McDevitt Playground,Harry S McDevitt Playground,N,3580 SCOTTS LN,6.25335398,PARK,RECREATION_SITE,43187.49609375,914.137317265396
Washington Square,Washington Square,N,600 WALNUT ST,7.1882027,MANAGED_SITE,SQUARE_PLAZA,49553.86328125,981.060837413008
Charles J Ziehler Playground,Charles J Ziehler Playground,N,5530 B ST,7.10839101,PARK,RECREATION_SITE,49129.04296875,884.925177975829
Franklin Square,Franklin Square,N,200 N 06TH ST,7.16492352,MANAGED_SITE,SQUARE_PLAZA,49405.85546875,1024.69413223477
Thomas Mitchell Playground,Thomas Mitchell Playground,N,3694 CHESTERFIELD RD,6.84147744,PARK,RECREATION_SITE,47331.0625,980.576783103419
Charles M Finley Playground,Charles M Finley Playground,N,1006 E HORTTER ST,6.64473217,PARK,RECREATION_SITE,45965.87890625,875.483904592915
Von Colln Field,Benjamin Franklin Parkway,Y,2250 PENNSYLVANIA AVE,6.56999502,PARK,RECREATION_SITE,45312.8203125,897.61021571319
Norris Square,Norris Square,N,2100 N HOWARD ST,6.40064101,PARK,SQUARE_PLAZA,44170.73046875,823.895799893461
Tomlinson and Gifford Playground,Tomlinson and Gifford Playground,N,487 TOMLINSON RD,6.4000252,PARK,RECREATION_SITE,44338.56640625,851.561635375138
McPherson Square,McPherson Square,N,601 E INDIANA AVE,6.39110448,PARK,SQUARE_PLAZA,44120.58203125,833.075626096343
Morris Estate Cultural Center,Morris Estate Cultural Center,N,1610 CHELTEN AVE,6.38125279,PARK,RECREATION_SITE,44124.65234375,922.500304758279
Sergeant John J McVeigh Recreation Center,Sergeant John J McVeigh Recreation Center,N,3390 D ST,6.32015353,PARK,RECREATION_SITE,43637.4140625,828.893333755975
Malcolm X Memorial Park,Malcolm X Memorial Park,N,5100 PINE ST,6.29779613,PARK,SQUARE_PLAZA,43422.73828125,826.456230702797
Joseph A Scanlon Playground,Joseph A Scanlon Playground,N,1099 E TIOGA ST,6.20991504,PARK,RECREATION_SITE,42877.93359375,908.627276353728
Woodward Pines,Woodward Pines,N,7922 LINCOLN DR,1.36261608,PARK,NEIGHBORHOOD_PARK,9426.734375,751.275512275625
Fairmount Water Works Historic Area,East Fairmount Park,Y,650 WATER WORKS DR,5.38908855,MANAGED_SITE,HISTORIC_SITE,37173.61328125,1347.41264769816
Frank McArdle Memorial Recreation Center,Frank McArdle Memorial Recreation Center,N,2945 WELSH RD,6.13680759,PARK,RECREATION_SITE,42447.34765625,1088.11904504497
Boniface Piccoli Playground,Boniface Piccoli Playground,N,1500 E CAYUGA ST,6.01259396,PARK,RECREATION_SITE,41529.0625,807.022372639414
Mayfair Recreation Center,Mayfair Recreation Center,N,3000 SAINT VINCENT ST,6.52184663,PARK,RECREATION_SITE,45081.51953125,989.569696830951
Cliveden Park,Cliveden Park,N,501 E JOHNSON ST,5.95249698,PARK,NEIGHBORHOOD_PARK,41161.38671875,849.528773926722
Helen G Sturgis Playground,Helen G Sturgis Playground,N,6420 N 2ND ST,5.84218364,PARK,RECREATION_SITE,40395.30078125,800.524090398382
Jack Horgan Memorial Field at Old Line Park,Jack Horgan Memorial Field at Old Line Park,N,8730 OLD LINE RD,6.1468996,PARK,SPORTS_COMPLEX,42525.6328125,884.778727716691
John L Barrett Playground,John L Barrett Playground,N,700 W DUNCANNON AVE,5.77555582,PARK,RECREATION_SITE,39912.86328125,900.034590352794
John J McCreesh Sr Playground,John J McCreesh Sr Playground,N,6744 REGENT ST,5.29777207,PARK,RECREATION_SITE,36499.91015625,1000.84577384487
Parkside Evans Recreation Center,West Fairmount Park,Y,5271 PARKSIDE AVE,6.30525787,PARK,RECREATION_SITE,43518.80859375,1310.6344311734
Carroll Park,Carroll Park,N,5801 W GIRARD AVE,5.63618341,PARK,SQUARE_PLAZA,38881.8984375,784.140802566563
Ramonita Negron Rivera Recreation and Community Center,Ramonita Negron Rivera Recreation and Community Center,N,3201 N 05TH ST,4.25280303,PARK,RECREATION_SITE,29364.04296875,704.606585969492
Franklin Delano Roosevelt Playground,Franklin Delano Roosevelt Playground,N,4300 HELLERMAN ST,5.45399635,PARK,RECREATION_SITE,37685.375,776.13942870278
A Albert Cherashore Playground,A Albert Cherashore Playground,N,900 W CHEW AVE,5.24054709,PARK,RECREATION_SITE,36223.7109375,770.965730447726
Barnes Foundation Museum,Benjamin Franklin Parkway,Y,2051 BENJAMIN FRANKLIN PKY,5.3924238,MANAGED_SITE,MUSEUM_CAMPUS,37188.296875,820.028324989386
William T Granahan Playground,Cobbs Creek Park,Y,6532 CALLOWHILL ST,5.30859667,PARK,RECREATION_SITE,36619.69140625,1032.55369891075
George Connell Park,George Connell Park,N,6401 ELMWOOD AVE,5.32084152,PARK,SQUARE_PLAZA,36655.1015625,762.551852063289
West Mill Creek Playground,West Mill Creek Playground,N,5100 WESTMINSTER AVE,5.26909751,PARK,RECREATION_SITE,36346.28125,1714.43474065669
Lonnie Young Recreation Center of East Germantown,Lonnie Young Recreation Center of East Germantown,N,1100 E CHELTEN AVE,5.2289743,PARK,RECREATION_SITE,36156.4375,787.063397055642
Carousel House Recreation Center,West Fairmount Park,Y,4300 AVENUE OF THE REPUBLIC,5.24413526,PARK,RECREATION_SITE,36185.87890625,801.625192451693
Eileen Fitzpatrick Playground,Eileen Fitzpatrick Playground,N,12485 ACADEMY RD,4.94086562,PARK,RECREATION_SITE,34210.48046875,762.54845405143
11th and Cecil B Moore Playground,11th and Cecil B Moore Playground,N,1737 N 11TH ST,5.18166632,PARK,SPORTS_COMPLEX,35754.37109375,755.891228622792
Waterview Recreation Center,Waterview Recreation Center,N,5826 MCMAHON AVE,5.16461987,PARK,RECREATION_SITE,35706.11328125,769.244419786321
Cohocksink Recreation Center,Cohocksink Recreation Center,N,2901 CEDAR ST,5.11659919,PARK,RECREATION_SITE,35311.12890625,861.347850729889
McMichael Park,McMichael Park,N,3201 MIDVALE AVE,5.84360812,PARK,NEIGHBORHOOD_PARK,40368.5390625,861.049015270909
Stephen E Fotterall Square,Stephen E Fotterall Square,N,2400 N 11TH ST,5.06784791,PARK,SQUARE_PLAZA,34980.15625,739.463963674554
Lawrence E Murphy Recreation Center,Lawrence E Murphy Recreation Center,N,300 SHUNK ST,4.95000547,PARK,RECREATION_SITE,34092.5234375,725.667073096724
Harrowgate Park,Harrowgate Park,N,3455 KENSINGTON AVE,4.9122538,PARK,SQUARE_PLAZA,33915.90234375,753.320045700607
48th and Woodland Playground,48th and Woodland Playground,N,4740 WOODLAND AVE,4.8465753,PARK,RECREATION_SITE,33406.1484375,748.801687579109
East Poplar Playground,East Poplar Playground,N,800 N 08TH ST,7.92240269,PARK,RECREATION_SITE,54648.1328125,1496.39615873373
Narcissa S Cruz Recreation Center,Narcissa S Cruz Recreation Center,N,1401 N 06TH ST,4.80987949,PARK,RECREATION_SITE,33183.89453125,723.559436274909
Holmesburg Recreation Center,Holmesburg Recreation Center,N,4510 RHAWN ST,4.68312338,PARK,RECREATION_SITE,32368.75,812.586983448189
Lardners Point Park,Lardners Point Park,N,5202 LEVICK ST,4.96529795,PARK,GREENWAY,34289.96875,921.24442053731
Frederick Cione Playground,Frederick Cione Playground,N,2600 ARAMINGO AVE,4.75222038,PARK,RECREATION_SITE,32793.015625,944.978676840099
Pleasant Playground,Pleasant Playground,N,305 SLOCUM ST,4.75614281,PARK,RECREATION_SITE,32894.046875,796.31059710031
Athletic Recreation Center,Athletic Recreation Center,N,2626 W JEFFERSON ST,4.69342432,PARK,RECREATION_SITE,32384.58203125,714.978562507789
Happy Hollow Recreation Center,Happy Hollow Recreation Center,N,4800 WAYNE AVE,4.58829954,PARK,RECREATION_SITE,31702.0078125,858.304554323755
Private Alfred J Simpson Memorial Recreation Center,Private Alfred J Simpson Memorial Recreation Center,N,1010 ARROTT ST,4.55414218,PARK,RECREATION_SITE,31463.39453125,922.875879653991
Reverend M Monkiewicz Recreation Center,Reverend M Monkiewicz Recreation Center,N,3201 RICHMOND ST,9.55695271,OTHER,OTHER,65952.01171875,1602.2729079963
Ernest L Tustin Recreation Center,Ernest L Tustin Recreation Center,N,1951 N 60TH ST,4.32379072,PARK,RECREATION_SITE,29837.7109375,739.621626960704
Wharton Square,Wharton Square,N,1300 S 23RD ST,4.29406803,PARK,SQUARE_PLAZA,29592.375,681.78223897797
Mifflin Square,Mifflin Square,N,500 WOLF ST,4.17187934,PARK,SQUARE_PLAZA,28736.80859375,671.921971104304
Belfield Recreation Center,Belfield Recreation Center,N,2109 W CHEW AVE,4.01471298,PARK,RECREATION_SITE,27754.359375,1022.03696861503
Overington Park,Overington Park,N,4600 LEIPER ST,4.12413095,PARK,NEIGHBORHOOD_PARK,28489.19921875,672.543712402852
Columbus Square,Columbus Square,N,1200 WHARTON ST,4.11151702,PARK,RECREATION_SITE,28332.35546875,666.851224145958
Dr Nicola Capitolo Playground,Dr Nicola Capitolo Playground,N,900 FEDERAL ST,4.09197487,PARK,RECREATION_SITE,28198.22265625,652.990126662933
George A Vare Recreation Center,George A Vare Recreation Center,N,2600 MORRIS ST,4.10767749,PARK,RECREATION_SITE,28304.35546875,667.187509624268
Mount Airy Playground,Mount Airy Playground,N,7001 GERMANTOWN AVE,4.06202346,PARK,RECREATION_SITE,28093.95703125,692.811654391923
Lonnie Cohen Recreation Center,Lonnie Cohen Recreation Center,N,201 FOUNTAIN ST,4.07980012,PARK,RECREATION_SITE,28196.56640625,833.168724673793
Rodin Museum,Benjamin Franklin Parkway,Y,2151 BENJAMIN FRANKLIN PKY,4.16431027,MANAGED_SITE,MUSEUM_CAMPUS,28719.9140625,756.229530412055
Stephen Girard Park,Stephen Girard Park,N,2101 SHUNK ST,4.02028992,PARK,SQUARE_PLAZA,27693.32421875,658.753144571664
Commodore John Barry Playground,Commodore John Barry Playground,N,2838 S 18TH ST,4.01253216,PARK,RECREATION_SITE,27636.1796875,657.27249797434
Senator William Vincent Mullin Playground,Senator William Vincent Mullin Playground,N,4301 PRINCETON AVE,3.89356158,PARK,RECREATION_SITE,26908.6328125,826.838501240721
Joseph C McIlvain Playground,Joseph C McIlvain Playground,N,5200 N PENN ST,3.85387392,PARK,RECREATION_SITE,26628.25,716.699281091093
Marie Dendy Recreation Center,Marie Dendy Recreation Center,N,1591 N 10TH ST,3.74314936,PARK,RECREATION_SITE,25826.05078125,656.766291224496
Dan Shissler Recreation Center,Dan Shissler Recreation Center,N,1826 BLAIR ST,3.89753023,PARK,RECREATION_SITE,26893,988.883660087131
Solomon Sacks Playground,Solomon Sacks Playground,N,400 WASHINGTON AVE,3.73850107,PARK,RECREATION_SITE,25762.4609375,641.335411165018
Victor J Moss Memorial Field,Victor J Moss Memorial Field,N,5726 TORRESDALE AVE,3.69440024,PARK,RECREATION_SITE,25520.2265625,640.892025113371
Daniel E Rumph II Recreation Center,Daniel E Rumph II Recreation Center,N,108 E JOHNSON ST,3.67814457,PARK,RECREATION_SITE,25431.51171875,637.162135877945
Dorothy Emanuel Recreation Center,Dorothy Emanuel Recreation Center,N,8545 PROVIDENT ST,3.67858288,PARK,RECREATION_SITE,25459.60546875,635.803095928068
Francisville Recreation Center,Francisville Recreation Center,N,1822 WYLIE ST,3.6815697,PARK,RECREATION_SITE,25395.84375,635.975307916894
Sister Clara Muhammad Square,Sister Clara Muhammad Square,N,1035 N 48TH ST,3.59833677,PARK,SQUARE_PLAZA,24823.73828125,681.90406590331
Harpers Hollow Park,Harpers Hollow Park,N,5850 OGONTZ AVE,3.60078362,PARK,NATURE_AREA,24892.37890625,948.249227198807
Joseph Deni Recreation Center,Joseph Deni Recreation Center,N,1381 RUAN ST,3.52110521,PARK,RECREATION_SITE,24320.20703125,689.437420042992
James Allen Shuler Playground,James Allen Shuler Playground,N,3025 N 27TH ST,2.99198737,PARK,RECREATION_SITE,20659.515625,591.785175649192
Marian Anderson Recreation Center,Marian Anderson Recreation Center,N,776 S 17TH ST,3.36089002,PARK,RECREATION_SITE,23165.828125,605.045803977317
John Dickinson Square,John Dickinson Square,N,1600 E MOYAMENSING AVE,3.33034365,PARK,SQUARE_PLAZA,22945.6015625,606.105206962028
Disston Recreation Center,Disston Recreation Center,N,4500 DISSTON ST,3.33070015,PARK,RECREATION_SITE,23015.94921875,606.019354346043
Feltonville Recreation Center,Feltonville Recreation Center,N,283 E WYOMING AVE,3.27937959,PARK,RECREATION_SITE,22657.03515625,639.562083974549
Walter Palumbo Recreation Center,Walter Palumbo Recreation Center,N,700 S 09TH ST,3.221015,PARK,RECREATION_SITE,22201.23046875,593.555166243364
Albert W Christy Sr Recreation Center,Albert W Christy Sr Recreation Center,N,728 S 55TH ST,3.15489273,PARK,RECREATION_SITE,21750.18359375,627.500685247122
Jefferson Square,Jefferson Square,N,300 WASHINGTON AVE,3.12816978,PARK,SQUARE_PLAZA,21556.4375,596.829673605422
Lindbergh Park,Lindbergh Park,N,2800 S 63RD ST,3.12067264,PARK,SPORTS_COMPLEX,21496.23046875,611.590434302956
William A Cibotti Recreation Center,William A Cibotti Recreation Center,N,2500 S 77TH ST,3.05209335,PARK,RECREATION_SITE,21016.64453125,632.733291523863
Jacob Stinger Park,Jacob Stinger Park,N,1400 S 32ND ST,3.09859027,PARK,RECREATION_SITE,21354.171875,589.560987268641
Northwood Park,Northwood Park,N,999 ARROTT ST,6.749193,PARK,NEIGHBORHOOD_PARK,46631.1640625,1284.72235772293
Lower Mayfair Playground,Lower Mayfair Playground,N,3023 ROBBINS ST,2.98769604,PARK,RECREATION_SITE,20646.28125,610.318428921896
Robert T Heitzman Recreation Center,Robert T Heitzman Recreation Center,N,3645 AMBER ST,2.90762604,PARK,RECREATION_SITE,20074.35546875,577.617350277203
Fairhill Square,Fairhill Square,N,2649 N LAWRENCE ST,2.86246211,PARK,SQUARE_PLAZA,19758.6640625,605.272971416535
Wister Playground,Wister Playground,N,4971 BAYNTON ST,2.85421964,PARK,RECREATION_SITE,19725.78125,611.738781230399
Charles H Chew Playground,Charles H Chew Playground,N,1800 WASHINGTON AVE,2.79854277,PARK,RECREATION_SITE,19287.53515625,588.598091387642
Donald P Finnegan Recreation Center,Donald P Finnegan Recreation Center,N,1231 S 30TH ST,2.80201273,PARK,RECREATION_SITE,19311.31640625,574.209961657193
Joseph V Kelly Memorial Playground,Joseph V Kelly Memorial Playground,N,440 PARKER AVE,2.77317159,PARK,NEIGHBORHOOD_PARK,19170.82421875,569.081401919108
Campbell Square,Campbell Square,N,2525 E ALLEGHENY AVE,2.61362707,PARK,SQUARE_PLAZA,18038.484375,535.657927593317
Tiffany Fletcher Recreation Center,Tiffany Fletcher Recreation Center,N,4728 BROWN ST,2.62730266,PARK,RECREATION_SITE,18121.98046875,534.340869935611
Morton Playground,Morton Playground,N,88 E HAINES ST,2.60299987,PARK,RECREATION_SITE,17993.4921875,576.516311507124
Woodside Park,Woodside Park,N,3918 CONSHOHOCKEN AVE,2.61972754,PARK,RECREATION_SITE,18088.91796875,615.286812867443
Miles Mack Playground,Miles Mack Playground,N,736 N 36TH ST,2.53457803,PARK,RECREATION_SITE,17483.359375,535.24144208719
Cloverly Park,Cloverly Park,N,5425 WISSAHICKON AVE,2.5442823,PARK,NEIGHBORHOOD_PARK,17580.23828125,531.439327667543
Roberto Clemente Playground,Roberto Clemente Playground,N,1800 WALLACE ST,2.54274811,PARK,RECREATION_SITE,17538.69921875,540.780786571176
Juniata Park Older Adult Center,Juniata Park Older Adult Center,N,1231 E SEDGLEY AVE,2.51536334,OTHER,OLDER_ADULT_SITE,17369.21875,564.331874092142
Matthias Baldwin Park,Matthias Baldwin Park,N,429 N 19TH ST,2.15206035,PARK,NEIGHBORHOOD_PARK,14842.15625,511.870527756588
Conestoga Community Playground,Conestoga Community Playground,N,5300 MEDIA ST,2.45650337,PARK,RECREATION_SITE,16948.640625,716.063595939967
Dave Dougherty (Hetzell) Field,Dave Dougherty (Hetzell) Field,N,1301 E COLUMBIA AVE,2.46356186,PARK,SPORTS_COMPLEX,16995.84375,519.129443427576
Bernard Samuel Playground,Bernard Samuel Playground,N,3539 GAUL ST,2.43285843,PARK,RECREATION_SITE,16793.01953125,510.011526733535
Frank JG Dorsey Memorial Playground,Frank JG Dorsey Memorial Playground,N,4805 HELLERMAN ST,2.41678763,PARK,RECREATION_SITE,16697.29296875,568.185513734426
12th and Cambria Playground,12th and Cambria Playground,N,2900 N 12TH ST,2.33737423,PARK,RECREATION_SITE,16136.890625,542.995987421386
Starr Garden Playground,Starr Garden Playground,N,606 LOMBARD ST,2.16683947,PARK,RECREATION_SITE,14935.8671875,507.38239388872603
Womrath Park,Womrath Park,N,4098 FRANKFORD AVE,2.1676801,PARK,SQUARE_PLAZA,14970.4296875,591.72480695132
Thomas I Guerin Recreation Center,Thomas I Guerin Recreation Center,N,2201 S 16TH ST,2.04682161,PARK,RECREATION_SITE,14100.3515625,503.265398262266
Clarkson Park,Clarkson Park,N,5475 N BROAD ST,2.07138192,PARK,SQUARE_PLAZA,14317.015625,797.203312549718
Michael Foglietta Plaza,I-95 Park,Y,109 SPRUCE ST,2.05696837,MANAGED_SITE,SQUARE_PLAZA,14179.3046875,472.509856913831
South Philadelphia Older Adult Center,South Philadelphia Older Adult Center,N,1430 E PASSYUNK AVE,1.87522481,OTHER,OLDER_ADULT_SITE,12921.5625,643.956811949591
Pretzel Park,Pretzel Park,N,4300 SILVERWOOD ST,2.01667123,PARK,NEIGHBORHOOD_PARK,13934.5703125,515.744623118972
A Giuseppe DiSilvestro Playground,A Giuseppe DiSilvestro Playground,N,1700 S BROAD ST,1.99072817,PARK,RECREATION_SITE,13716.3984375,496.542683769698
Penrose Memorial Playground,Penrose Memorial Playground,N,1101 W SUSQUEHANNA AVE,1.70811841,PARK,RECREATION_SITE,11788.83984375,490.485417723402
Charles T Mitchell Jr (Seger) Park,Charles T Mitchell Jr (Seger) Park,N,1020 LOMBARD ST,1.91129728,PARK,RECREATION_SITE,13174.73046875,488.311980321819
Eric N Casiano Field,Eric N Casiano Field,N,2301 N 04TH ST,1.87150518,PARK,SPORTS_COMPLEX,12916.3828125,463.647563908389
Venice Island Performing Arts and Recreation Center,Venice Island Performing Arts and Recreation Center,N,25 LOCK ST,1.6819157,PARK,RECREATION_SITE,11620.73046875,672.453931474764
Hancock Playground,Hancock Playground,N,1403 N HANCOCK ST,1.78341482,PARK,RECREATION_SITE,12303.79296875,469.019609786674
Howard Sayre Morris Recreation Center,Howard Sayre Morris Recreation Center,N,5825 SPRUCE ST,1.60589254,PARK,RECREATION_SITE,11073.7890625,481.115005327726
Reverend Edward P Burke Playground,Reverend Edward P Burke Playground,N,2198 S 2ND ST,1.22289054,PARK,RECREATION_SITE,8423.91796875,372.445920417641
Kay Park,Kay Park,N,4712 PULASKI AVE,1.49309226,PARK,NEIGHBORHOOD_PARK,10315.73828125,411.951804817649
Sherwood Park,Sherwood Park,N,5601 BALTIMORE AVE,1.6474484,PARK,SQUARE_PLAZA,11357.03125,518.381899641831
Howell Park,Howell Park,N,5215 GREENE ST,1.5590139,PARK,NEIGHBORHOOD_PARK,10773.83203125,581.208914508971
Norman (Butch) Ellis Playground,Norman (Butch) Ellis Playground,N,714 N 39TH ST,1.47978435,PARK,RECREATION_SITE,10206.953125,441.982568875332
Michael J Towey Playground,Michael J Towey Playground,N,1866 N HOWARD ST,1.4519721,PARK,RECREATION_SITE,10018.7890625,397.541626554952
Fishtown Recreation Center,Fishtown Recreation Center,N,1222 E MONTGOMERY AVE,1.75309355,PARK,RECREATION_SITE,12094.23046875,690.942097708176
Shot Tower Recreation Center,Shot Tower Recreation Center,N,129 CARPENTER ST,1.43815356,PARK,RECREATION_SITE,9910.80078125,438.47693351037
Marian Winfield Hissey Recreation Center,Marian Winfield Hissey Recreation Center,N,424 E INDIANA AVE,1.44120337,PARK,RECREATION_SITE,9949.09765625,397.405548837208
Shevchenko Park,Shevchenko Park,N,5301 N BROAD ST,1.32062148,PARK,SQUARE_PLAZA,9127.44140625,500.982517941634
Jerome Brown Playground,Jerome Brown Playground,N,1987 W ONTARIO ST,2.5782326,PARK,RECREATION_SITE,17805.03125,878.415470887498
Inn Yard Park,East Fairmount Park,Y,4250 RIDGE AVE,1.41829472,PARK,RECREATION_SITE,9795.2265625,424.160075268695
Ralph R Rizzo Sr Ice Rink,Ralph R Rizzo Sr Ice Rink,N,1001 S FRONT ST,1.975853,PARK,SPORTS_COMPLEX,13615.37890625,516.900862968968
Kelly Pool,West Fairmount Park,Y,4200 LANSDOWNE DR,1.3284154,OTHER,SPORTS_COMPLEX,9166.41015625,397.378588085785
Howard McCall Sr Playground,Howard McCall Sr Playground,N,3007 JEFFERSON ST,1.20242535,PARK,RECREATION_SITE,8297.1640625,365.134231258067
Nelson M Herron Playground and Recreation Center,Nelson M Herron Playground and Recreation Center,N,1322 S 02ND ST,1.11985359,PARK,RECREATION_SITE,7716.3046875,353.934264232
Buist Park,Buist Park,N,2528 HOBSON ST,1.10659092,PARK,SQUARE_PLAZA,7622.265625,357.423856729298
Black Coyle and McBride Playground,Black Coyle and McBride Playground,N,2137 E HAZZARD ST,1.06783619,PARK,RECREATION_SITE,7369.375,455.590481118265
Fairview Park,Fairview Park,N,4418 MANAYUNK AVE,1.0108714,PARK,NEIGHBORHOOD_PARK,6985.78125,335.077426104144
Hawthorne Cultural Center,Hawthorne Cultural Center,N,1200 CARPENTER ST,2.0378878,PARK,RECREATION_SITE,14045.3671875,806.495617102264
Winston Park,Winston Park,N,185 E WILLOW GROVE AVE,1.01515504,TRAFFIC_ISLAND_MEDIAN,NEIGHBORHOOD_PARK,7024.09375,599.428441606015
Konrad Square,Konrad Square,N,2200 E DAUPHIN ST,1.01607809,PARK,SQUARE_PLAZA,7011.234375,334.149991838756
Lincoln Indoor Pool,Lincoln Indoor Pool,N,7437 ROWLAND AVE,0.86936574,OTHER,SPORTS_COMPLEX,6010.015625,434.17943465173
33rd and Wallace Playground,33rd and Wallace Playground,N,3302 WALLACE ST,0.94685551,PARK,RECREATION_SITE,6530.86328125,363.812414983448
Ann P Nichols Park,Ann P Nichols Park,N,5430 RACE ST,0.88560537,PARK,NEIGHBORHOOD_PARK,6108.09765625,328.530252972249
Weccacoe Square,Weccacoe Square,N,425 QUEEN ST,0.90373832,PARK,RECREATION_SITE,6228.53515625,314.661066541575
Frankford and Pennypack Park,Frankford and Pennypack Park,N,4400 PENNYPACK ST,0.91624538,PARK,NEIGHBORHOOD_PARK,6334.9375,322.437897481837
Colonel Thomas J Powers Park,Colonel Thomas J Powers Park,N,2987 ALMOND ST,0.89804708,PARK,SQUARE_PLAZA,6197.375,318.784547895435
Gold Star Park,Gold Star Park,N,613 WHARTON ST,0.8829424,PARK,NEIGHBORHOOD_PARK,6084.29296875,315.620069803287
Hawthorne Park,Hawthorne Park,N,750 S 12TH ST,0.874577,PARK,NEIGHBORHOOD_PARK,6027.99609375,307.76919720315
East Passyunk Community Recreation Center,East Passyunk Community Recreation Center,N,1027 MIFFLIN ST,0.81926792,PARK,RECREATION_SITE,5644.42578125,342.159281010305
Thomas P Stokley Recreation Center,Thomas P Stokley Recreation Center,N,3000 EDGEMONT ST,0.84238024,PARK,RECREATION_SITE,5813.171875,302.214908760668
Cedar Park,Cedar Park,N,4917 BALTIMORE AVE,0.83899018,PARK,SQUARE_PLAZA,5784.00390625,377.916807136564
Waterloo Playground,Waterloo Playground,N,2501 WATERLOO ST,1.03773954,PARK,RECREATION_SITE,7162.67578125,490.133044171304
Tip Top Playground,Tip Top Playground,N,1013 N HOPE ST,0.7863159,PARK,RECREATION_SITE,5423.83203125,316.916464091969
Palmer Park,Palmer Park,N,1701 FRANKFORD AVE,0.81570368,PARK,SQUARE_PLAZA,5627.85546875,292.852521639663
Trenton and Auburn Playground,Trenton and Auburn Playground,N,2222 E AUBURN ST,1.47624243,PARK,NEIGHBORHOOD_PARK,10188.5,539.278306100554
James Otis Ford Playground,James Otis Ford Playground,N,633 SNYDER AVE,0.810065,MANAGED_SITE,RECREATION_SITE,5580.47265625,322.010382527953
Ben Barkan Park,Ben Barkan Park,N,4998 SPRUCE ST,0.78107591,PARK,NEIGHBORHOOD_PARK,5385.62109375,303.834102270317
Charles Baker and Carol Baker Rice Recreation Center,Charles Baker and Carol Baker Rice Recreation Center,N,5433 LANSDOWNE AVE,0.75911097,PARK,RECREATION_SITE,5237.79296875,315.12063127763
8th and Diamond Playground,8th and Diamond Playground,N,2098 N 08TH ST,0.72494786,PARK,RECREATION_SITE,5002.9296875,302.927957165401
Frank S Nelson Jr Memorial Recreation Center,Frank S Nelson Jr Memorial Recreation Center,N,2528 N 03RD ST,0.72068312,PARK,RECREATION_SITE,4974.359375,299.565438605802
Fitler Square,Fitler Square,N,2301 PINE ST,0.72002673,PARK,SQUARE_PLAZA,4963.77734375,292.674706985756
Vincent G Panati Playground,Vincent G Panati Playground,N,3115 N 22ND ST,1.10142493,PARK,RECREATION_SITE,7605.22265625,348.814724272817
Heritage Park Playground,Heritage Park Playground,N,1533 W CLEARFIELD ST,0.65680114,PARK,RECREATION_SITE,4534.95703125,277.777934521341
Frank Glavin Playground,Frank Glavin Playground,N,2612 E WESTMORELAND ST,0.62875915,PARK,RECREATION_SITE,4339.5390625,260.946765814673
Marie Winchester Playground,Marie Winchester Playground,N,2326 N 15TH ST,0.61297534,PARK,RECREATION_SITE,4230.8984375,303.327862941817
Triangle Park,Triangle Park,N,5419 UPLAND WAY,0.61991909,PARK,NEIGHBORHOOD_PARK,4278.1484375,314.515689847466
Cianfrani Park,Cianfrani Park,N,721 S 08TH ST,0.60877138,PARK,SQUARE_PLAZA,4195.953125,272.069295858669
Garden Court,Garden Court,N,4710 SPRUCE ST,0.58517161,PARK,GARDEN_FARM,4034.7734375,273.334297122756
Clayborne and Lewis Playground,Clayborne and Lewis Playground,N,1101 N 38TH ST,0.59067472,PARK,RECREATION_SITE,4075.13671875,255.457752881542
Gerald J Maguire Playground,Gerald J Maguire Playground,N,155 W LEHIGH AVE,0.56109426,PARK,RECREATION_SITE,3873.11328125,260.697503280366
Sabatino La Noce Park,Sabatino La Noce Park,N,5119 ROCHELLE AVE,0.63945635,PARK,NEIGHBORHOOD_PARK,4417.41015625,267.56965196021
Mario Lanza Park,Mario Lanza Park,N,214 CATHARINE ST,0.50691821,PARK,SQUARE_PLAZA,3493.6015625,257.62950194252
37th and Mount Vernon Playground,37th and Mount Vernon Playground,N,614 N 37TH ST,0.47816674,PARK,RECREATION_SITE,3298.01953125,264.141831512105
James L Wright Playground,James L Wright Playground,N,3340 HAVERFORD AVE,0.46471748,PARK,RECREATION_SITE,3205.25390625,281.150482688567
Hagert Street Playground,Hagert Street Playground,N,2034 E HAGERT ST,0.48635301,PARK,RECREATION_SITE,3356.390625,246.189236151399
Ramblers Recreation Center,Ramblers Recreation Center,N,851 E TIOGA ST,3.10314824,MANAGED_SITE,SPORTS_COMPLEX,21427.109375,852.660620155982
Lloyd Hall Recreation Center,East Fairmount Park,Y,800 KELLY DR,1.3583829,PARK,RECREATION_SITE,9370.39453125,381.57498243839
Wilmot Park,Wilmot Park,N,1801 MEADOW ST,0.42003749,PARK,NEIGHBORHOOD_PARK,2901.28515625,238.741410120594
Emanuel Weinberg Park,Emanuel Weinberg Park,N,2205 S 06TH ST,0.42156817,TRAFFIC_ISLAND_MEDIAN,NEIGHBORHOOD_PARK,2904.015625,251.829964575145
Corporal George J Reed Jr Memorial Playground,Corporal George J Reed Jr Memorial Playground,N,213 W ONTARIO ST,0.39665047,PARK,NEIGHBORHOOD_PARK,2738.87109375,222.705225534063
Wissahickon Neighbors Playground,Wissahickon Neighbors Playground,N,3901 TERRACE ST,0.39599126,PARK,NEIGHBORHOOD_PARK,2735.8359375,207.744401159926
Louis I Kahn Park,Louis I Kahn Park,N,328 S 11TH ST,0.38831797,PARK,SQUARE_PLAZA,2676.828125,265.758044447431
Benson Park,Benson Park,N,1444 N 04TH ST,0.39455089,PARK,NEIGHBORHOOD_PARK,2722.04296875,266.828588477352
Christ Church Park,Christ Church Park,N,35 N 02ND ST,0.13202668,MANAGED_SITE,HISTORIC_SITE,910.2734375,146.123074512959
John (Steve) Schmidt Playground,John (Steve) Schmidt Playground,N,113 W ONTARIO ST,0.36659651,PARK,RECREATION_SITE,2531.32421875,223.887683280428
Edward Shippen Plaza (Bainbridge Green),Edward Shippen Plaza (Bainbridge Green),N,300 BAINBRIDGE ST,0.34839707,TRAFFIC_ISLAND_MEDIAN,SQUARE_PLAZA,2401.3046875,738.797591528783
Market Square Park,Market Square Park,N,5501 GERMANTOWN AVE,0.34663528,PARK,SQUARE_PLAZA,2395.7421875,214.115994902299
Northeast Lions Park,Northeast Lions Park,N,7966 OXFORD AVE,0.38465705,TRAFFIC_ISLAND_MEDIAN,SQUARE_PLAZA,2661.82421875,203.962463938638
Hedge Street Park,Hedge Street Park,N,4610 HEDGE ST,0.3152331,PARK,NEIGHBORHOOD_PARK,2177.42578125,189.598088396283
Etting Park,Etting Park,N,3255 N MARSTON ST,0.3088643,PARK,SQUARE_PLAZA,2132.92578125,183.57172969047
Strawberry Mansion Playground,Strawberry Mansion Playground,N,3369 RIDGE AVE,0.38469129,PARK,NEIGHBORHOOD_PARK,2655.703125,209.174288925439
Julian Abele Park,Julian Abele Park,N,923 S 22ND ST,0.28605084,PARK,NEIGHBORHOOD_PARK,1971.62109375,183.470862212676
Ralph Brooks Park,Ralph Brooks Park,N,1601 S 20TH ST,0.2854354,PARK,NEIGHBORHOOD_PARK,1966.83203125,189.850115357403
Gilbert Stuart Park,Gilbert Stuart Park,N,5132 GERMANTOWN AVE,0.28774015,PARK,SQUARE_PLAZA,1988.4921875,176.376338047382
West Oak Lane Senior Center,West Oak Lane Senior Center,N,7210 OGONTZ AVE,0.2288807,OTHER,OLDER_ADULT_SITE,1583.29296875,159.240281504153
Mummers Museum,Mummers Museum,N,200 WASHINGTON AVE,0.24996743,MANAGED_SITE,MUSEUM_CAMPUS,1722.53125,174.472912405567
Diamond Park,Diamond Park,N,2045 N 18TH ST,0.24762491,PARK,SQUARE_PLAZA,1708.98046875,162.45268820575
Ned Wolf Park,Ned Wolf Park,N,7018 MC CALLUM ST,0.24681906,PARK,SQUARE_PLAZA,1706.609375,180.434727343576
Betsy Ross House,Betsy Ross House,N,239 ARCH ST,0.23618816,MANAGED_SITE,HISTORIC_SITE,1628.4765625,173.339039210227
Giuseppe Bardascino Park,Giuseppe Bardascino Park,N,1000 S 10TH ST,0.23351651,PARK,SQUARE_PLAZA,1609.3671875,158.235860414807
Thomas Hart Park,Thomas Hart Park,N,1321 N 04TH ST,0.2155337,PARK,NEIGHBORHOOD_PARK,1486.91015625,175.494639282081
Montgomery and Croskey Play Lot,Montgomery and Croskey Play Lot,N,2235 W MONTGOMERY AVE,0.20059611,MANAGED_SITE,RECREATION_SITE,1384.296875,153.051777792759
Frank Palumbo Sr Park,Frank Palumbo Sr Park,N,723 CATHARINE ST,0.20163431,PARK,SQUARE_PLAZA,1389.6953125,151.868300792943
Charles J Buckley Park,Charles J Buckley Park,N,8199 GERMANTOWN AVE,0.16285209,PARK,NEIGHBORHOOD_PARK,1126.84765625,150.998056435
John C Anderson Cultural Center,John C Anderson Cultural Center,N,5323 OVERBROOK AVE,0.1333158,PARK,RECREATION_SITE,920.3515625,144.316737614851
Mantua Community Garden,Mantua Community Garden,N,520 N 34TH ST,0.14797187,PARK,SQUARE_PLAZA,1020.578125,127.642552172135
Madison War Memorial,Madison War Memorial,N,595 N 02ND ST,0.14119737,TRAFFIC_ISLAND_MEDIAN,SQUARE_PLAZA,973.7734375,139.425982702461
22nd and Ontario Park,22nd and Ontario Park,N,3400 N 22ND ST,0.14864762,PARK,NEIGHBORHOOD_PARK,1026.53515625,133.954567467623
Louis P Paolone Sr Park,Louis P Paolone Sr Park,N,732 SEARS ST,0.08951299,TRAFFIC_ISLAND_MEDIAN,NEIGHBORHOOD_PARK,616.828125,135.443415243519
Beck Park,Beck Park,N,839 S 02ND ST,0.07427522,PARK,SQUARE_PLAZA,511.8671875,111.415873714324
Coxe Park,Coxe Park,N,2132 CHERRY ST,0.10927524,PARK,NEIGHBORHOOD_PARK,753.53125,128.267414909091
22nd and Catharine Park,22nd and Catharine Park,N,2200 CATHARINE ST,0.04624413,PARK,NEIGHBORHOOD_PARK,318.75390625,78.4027012052128
I-95 Park,I-95 Park,N,401 S FRONT ST,5.89063146,MANAGED_SITE,GREENWAY,40599.9765625,3327.58362270475
General Casimir Pulaski Park,General Casimir Pulaski Park,N,3001 E ALLEGHENY AVE,1.93025181,PARK,NEIGHBORHOOD_PARK,13318.65625,769.893104013446
Manton Street Park,Manton Street Park,N,405 MANTON ST,0.06139004,URBAN_AGRICULTURE,GARDEN_FARM,423.03125,102.607064368513
Cecil B Moore Recreation Center,Cecil B Moore Recreation Center,N,2563 N 22ND ST,2.13805948,PARK,RECREATION_SITE,14759.41796875,577.106872144923
Shofuso Japanese Garden,West Fairmount Park,Y,4301 LANSDOWNE DR,1.08152702,MANAGED_SITE,MUSEUM_CAMPUS,7461.30078125,340.730248944629
Stiles Street Play Lot,Stiles Street Play Lot,N,1608 W STILES ST,0.01924607,PARK,NEIGHBORHOOD_PARK,132.77734375,59.5591635202806
Paines Park,Benjamin Franklin Parkway,Y,400 MARTIN LUTHER KING DRIVE,2.82547076,PARK,SPORTS_COMPLEX,19487.27734375,670.256703985335
June 5th Memorial Park,June 5th Memorial Park,N,2140 MARKET ST,0.11207899,PARK,SQUARE_PLAZA,772.79296875,141.897666505799
Ingersoll Park,Ingersoll Park,N,1300 N 16TH ST,0.77307554,PARK,SQUARE_PLAZA,5333.70703125,325.578454958747
Poquessing Creek Park 4,Poquessing Creek Park,Y,3601 ACADEMY RD,60.79738417,WATERSHED_PARK,NATURE_AREA,420988.23828125,8834.44423475439
Poquessing Creek Park 3,Poquessing Creek Park,Y,3125 MECHANICSVILLE RD,32.52364482,WATERSHED_PARK,NATURE_AREA,225312.12890625,2820.75980631287
Poquessing Creek Park 5,Poquessing Creek Park,Y,4341 WHITING RD,23.33737787,WATERSHED_PARK,NATURE_AREA,161504.015625,2423.72233819558
Poquessing Creek Park 8,Poquessing Creek Park,Y,9925 HEGERMAN ST,17.21969994,WATERSHED_PARK,NATURE_AREA,119103.6484375,2354.22158160805
Poquessing Creek Park 6,Poquessing Creek Park,Y,130 DIMARCO DR,15.40258201,WATERSHED_PARK,NATURE_AREA,106574.69140625,2109.76850278039
Poquessing Creek Park 7,Poquessing Creek Park,Y,10501 KNIGHTS RD,12.210538,WATERSHED_PARK,NATURE_AREA,84473.45703125,2115.70105187352
Poquessing Creek Park 2,Poquessing Creek Park,Y,1300 POQUESSING CREEK DR,3.53737081,WATERSHED_PARK,NATURE_AREA,24513.5625,1156.56337499194
Fairmount Drainage Right of Way (Alburger Ave),Fairmount Drainage Rights of Way (Pennypack),Y,190 ALBURGER AVE,52.6457418,CONSERVATION,NATURE_AREA,364531.41015625,6428.2248875847
Philadelphia Museum of Art,East Fairmount Park,Y,2600 BENJAMIN FRANKLIN PKY,24.54720435,MANAGED_SITE,MUSEUM_CAMPUS,169318.5546875,1983.03698102604
Fairmount Drainage Right of Way (Waldemire Dr),Fairmount Drainage Rights of Way (Poquessing),Y,10901 WALDEMIRE DR,52.18054485,CONSERVATION,NATURE_AREA,361173.140625,8166.29184218181
Boone Park,Boone Park,N,4200 BOONE ST,1.81363648,CONSERVATION,NATURE_AREA,12531.546875,895.215465543366
Fairmount Drainage Right of Way (Verree Rd),Fairmount Drainage Rights of Way (Pennypack),Y,8601 VERREE RD,22.04867807,CONSERVATION,NATURE_AREA,152640.1484375,2985.80975247391
Fairmount Drainage Right of Way (Chesterfield Rd),Fairmount Drainage Rights of Way (Poquessing),Y,3460 MORRELL AVE,25.35715539,PARK,NATURE_AREA,175460.31640625,4426.56859108192
Fairmount Drainage Right of Way (Willits Rd),Fairmount Drainage Rights of Way (Pennypack),Y,2870 WILLITS RD,5.65855728,CONSERVATION,NATURE_AREA,39138.34375,1091.14528854409
Fairmount Drainage Right of Way (Maxwell St),Fairmount Drainage Rights of Way (Pennypack),Y,2620 MAXWELL ST,5.12006293,CONSERVATION,NATURE_AREA,35417.3125,1402.27099550852
Loretto and Gilham Triangle,Loretto and Gilham Triangle,N,1385 GILHAM ST,0.16159528,TRAFFIC_ISLAND_MEDIAN,SQUARE_PLAZA,1116.890625,144.697863810559
Fairmount Drainage Right of Way (Crestmont Ave),Fairmount Drainage Rights of Way (Poquessing),Y,3777 MORRELL AVE,8.09036412,CONSERVATION,NATURE_AREA,55966.68359375,2293.46384390482
Fairmount Drainage Right of Way (Thornton Rd),Fairmount Drainage Rights of Way (Poquessing),Y,3099 WOODHAVEN RD,3.29824624,CONSERVATION,NATURE_AREA,22839.8984375,640.714906730832
Glen Foerd on the Delaware,Glen Foerd on the Delaware,N,5001 GRANT AVE,22.93712262,MANAGED_SITE,HISTORIC_SITE,158610.96484375,1665.91660243865
Allens Lane Art Center,Allens Lane Art Center,N,651 W ALLENS LN,6.57464071,MANAGED_SITE,RECREATION_SITE,45463.75,878.30610464049
Eric W (Hank) Gathers Jr Recreation Center,Eric W (Hank) Gathers Jr Recreation Center,N,2501 W DIAMOND ST,3.69149134,PARK,RECREATION_SITE,25478.6953125,757.605372644974
River Field,Benjamin Franklin Parkway,Y,302 N 24TH ST,6.55978075,MANAGED_SITE,SPORTS_COMPLEX,45230.65625,1043.03576436168
Levy Park,Benjamin Franklin Parkway,Y,1635 ARCH ST,0.60928376,MANAGED_SITE,MUSEUM_CAMPUS,4200.296875,362.245331012194
Kingsessing Recreation Center,Kingsessing Recreation Center,N,4901 KINGSESSING AVE,9.15488446,PARK,RECREATION_SITE,63103.74609375,1042.24271531907
William Lanier Park,William Lanier Park,N,1600 S 29TH ST,4.11996987,PARK,RECREATION_SITE,28390.578125,666.204445374106
Irish and Scottish Immigration Memorials,I-95 Park,Y,111 S FRONT ST,1.85245291,MANAGED_SITE,SQUARE_PLAZA,12770.625,455.335630703215
Korean War Veterans Memorial,I-95 Park,Y,109 SPRUCE ST,1.30860311,MANAGED_SITE,SQUARE_PLAZA,9020.6484375,386.448702548107
Philadelphia Vietnam Veterans Memorial,I-95 Park,Y,10 SPRUCE ST,1.96488141,MANAGED_SITE,SQUARE_PLAZA,13544.171875,468.718820695206
Northern Liberties Recreation Center,Northern Liberties Recreation Center,N,315 FAIRMOUNT AVE,0.65472838,PARK,RECREATION_SITE,4515.63671875,339.355374012823
Aviator Park,Benjamin Franklin Parkway,Y,200 N 19TH ST,1.89704317,PARK,SQUARE_PLAZA,13077.94140625,500.296847339993
Sister Cities Park,Benjamin Franklin Parkway,Y,200 N 18TH ST,1.73993371,MANAGED_SITE,RECREATION_SITE,11993.96484375,486.135996948529
Cret Park,Benjamin Franklin Parkway,Y,110 N 16TH ST,1.12740364,MANAGED_SITE,SQUARE_PLAZA,7773.375,414.218816213656
Torun Triangle,Benjamin Franklin Parkway,Y,1716 RACE ST,0.62816961,PARK,SQUARE_PLAZA,4331.37109375,431.298863698348
Carpenters Woods,Wissahickon Valley Park,Y,801 W SEDGWICK ST,42.23405266,PARK,NATURE_AREA,291988.44921875,3032.9537260787
Officer Robert Hayes Memorial Playground Woods,Officer Robert Hayes Memorial Playground,Y,9800 E ROOSEVELT BLVD,19.06267393,CONSERVATION,NATURE_AREA,131964.1015625,1473.62221712769
Hope Park,Hope Park,N,201 E INDIANA AVE,1.23247944,PARK,SQUARE_PLAZA,8508.55859375,390.254486463315
Spring Gardens,Spring Gardens,N,1828 NORTH ST,1.96307283,MANAGED_SITE,GARDEN_FARM,13540.65234375,489.451075034118
Logan Square,Benjamin Franklin Parkway,Y,200 N 18TH ST,3.32928278,PARK,SQUARE_PLAZA,22965.59765625,1485.55307184334
Titan Park,Titan Park,N,110 TITAN ST,0.03128543,PARK,SQUARE_PLAZA,215.56640625,57.9861073982182
Dodge Tract,Wissahickon Valley Park,Y,7900 CHEROKEE ST,6.62630209,CONSERVATION,OTHER,45830.41015625,1066.46755247481
Emily Community Garden,Emily Community Garden,N,742 EMILY ST,0.10990014,URBAN_AGRICULTURE,GARDEN_FARM,757.11328125,113.602003749304
Reliance Triangle,Reliance Triangle,N,2501 PENNSYLVANIA AVE,0.34552557,TRAFFIC_ISLAND_MEDIAN,SQUARE_PLAZA,2382.99609375,208.367146928369
Philadelphia Stars Negro League Memorial Park,Philadelphia Stars Negro League Memorial Park,N,1538 BELMONT AVE,0.24872725,PARK,SQUARE_PLAZA,1716.203125,219.470656398714
Glendinning Rock Garden,East Fairmount Park,Y,1299 BREWERY HILL DR,2.78599924,PARK,NATURE_AREA,19214.48046875,665.139962871758
Galusha Pennypacker Park,Benjamin Franklin Parkway,Y,1856 VINE ST,1.13391423,PARK,SQUARE_PLAZA,7825.98046875,826.453366281952
Shakespeare Park,Benjamin Franklin Parkway,Y,1948 VINE ST,1.17760482,PARK,SQUARE_PLAZA,8119.796875,607.449111129899
Cobbs Creek Park,Cobbs Creek Park,Y,,348.00546677,WATERSHED_PARK,NATURE_AREA,2399213.07421875,36071.2696007887
John A Lee Cultural Center,John A Lee Cultural Center,N,4372 HAVERFORD AVE,9.59475417,PARK,RECREATION_SITE,66172.41015625,1081.90500302403
Burholme Park,Burholme Park,N,7370 CENTRAL AVE,55.58898764,PARK,NEIGHBORHOOD_PARK,384589.234375,3521.433901109
Historic Rittenhouse Town,Wissahickon Valley Park,Y,6014 WISSAHICKON AVE,10.57129188,MANAGED_SITE,HISTORIC_SITE,73053.0546875,1688.53782321591
Belmont Grove,West Fairmount Park,Y,2076 BELMONT MANSION DR,11.76143952,OTHER,EVENT_SPACE,81187.16015625,1318.67676026413
Clifford Park,Wissahickon Valley Park,Y,6141 WISSAHICKON AVE,23.06689393,PARK,NATURE_AREA,159427.5,1692.81369143145
Blue Bell Park,Wissahickon Valley Park,Y,844 W WALNUT LN,8.33085041,PARK,NATURE_AREA,57575.30078125,1502.75967776683
Saul High School Farm,Wissahickon Valley Park,Y,7107 HENRY AVE,35.30503938,MANAGED_SITE,GARDEN_FARM,244124.234375,4300.97455858345
Parkwood,Parkwood,N,3359 MECHANICSVILLE RD,30.68184386,MANAGED_SITE,RECREATION_SITE,212493.07421875,2064.96541275562
American Swedish Historical Museum,Franklin Delano Roosevelt Park,Y,1900 PATTISON AVE,1.67415347,MANAGED_SITE,MUSEUM_CAMPUS,11527.33203125,455.637191307774
Andorra Natural Area,Wissahickon Valley Park,Y,9750 FORBIDDEN DR,155.61328324,PARK,NATURE_AREA,1076923.7109375,6222.67398985384
Cobbs Creek Community Environmental Center,Cobbs Creek Park,Y,700 COBBS CREEK PKWY,1.45077158,OTHER,ENVIRONMENTAL_EDUCATION_CENTER,10002.75390625,597.832117044684
Saylors Grove,Wissahickon Valley Park,Y,669 W RITTENHOUSE ST,3.31909025,PARK,SQUARE_PLAZA,22933.0390625,724.45866822862
Waverly Street Community Garden,Waverly Street Community Garden,N,1131 WAVERLY ST,0.0927526,URBAN_AGRICULTURE,GARDEN_FARM,639.37109375,110.819503351231
3rd and Norris Playground,3rd and Norris Playground,N,273 W NORRIS ST,0.23280938,PARK,NEIGHBORHOOD_PARK,1606.5546875,165.153672078271
Howard and Reed Park,Howard and Reed Park,N,105 REED ST,0.07930873,PARK,SQUARE_PLAZA,546.47265625,92.3139252067959
Sartain Garden,Sartain Garden,N,201 S SARTAIN ST,0.08407544,URBAN_AGRICULTURE,GARDEN_FARM,579.6015625,104.18541205093
South Street Community Garden,South Street Community Garden,N,839 SOUTH ST,0.20561013,URBAN_AGRICULTURE,GARDEN_FARM,1417.2421875,154.384772822428
Brewerytown Garden,Brewerytown Garden,N,1341 N 27TH ST,0.47675355,URBAN_AGRICULTURE,GARDEN_FARM,3289.50390625,357.616128481153
Discovery Center at East Fairmount Reservoir,East Fairmount Park,Y,3395 RESERVOIR DR,51.19320334,MANAGED_SITE,EVENT_SPACE,353306.3515625,2752.23241760447
Boathouse Row,East Fairmount Park,Y,870 KELLY DR,4.22572987,MANAGED_SITE,HISTORIC_SITE,29150.5234375,1199.69685984584
Lucien E Blackwell Park,Lucien E Blackwell Park,N,4615 FAIRMOUNT AVE,2.05984146,PARK,NEIGHBORHOOD_PARK,14207.46875,482.730046532594
Fish Hatchery at Pleasant Hill Park,Pleasant Hill Park,Y,9201 N DELAWARE AVE,37.53172166,PARK,RECREATION_SITE,259459.00390625,3119.59221387113
Vine Street Park (95),Vine Street Park,Y,VINE STREET EXP,7.16199688,TRAFFIC_ISLAND_MEDIAN,GREENWAY,49387.33203125,3601.83525415758
Burholme Park Driving Range,Burholme Park,Y,401 W COTTMAN AVE,12.33293663,MANAGED_SITE,GOLF,85322.6875,1178.90286050982
West Penn Park,West Penn Park,N,353 W PENN ST,0.09678958,PARK,NEIGHBORHOOD_PARK,668.7578125,104.538957325693
Peters Island,Peters Island,N,,1.91202222,CONSERVATION,NATURE_AREA,13178.859375,668.192553646701
Officer Robert Hayes Memorial Playground,Officer Robert Hayes Memorial Playground,N,9949 PRESIDENT ST,20.17329781,PARK,RECREATION_SITE,139660,1698.90227731128
Ivy Ridge Greenway,Ivy Ridge Greenway,N,4850 UMBRIA ST,3.66853243,OTHER,OTHER,25352.66015625,2593.64472795697
Dr Martin Luther King Jr Older Adult Center,Dr Martin Luther King Jr Older Adult Center,N,2102 W CECIL B MOORE AVE,0.33109929,OTHER,OLDER_ADULT_SITE,2284.71875,197.56380069749
Dr Martin Luther King Jr Recreation Center,Dr Martin Luther King Jr Recreation Center,N,2101 W CECIL B MOORE AVE,5.25372097,PARK,RECREATION_SITE,36254.109375,760.502501409685
Devereaux Ave Trailhead at K and T Trail,Devereaux Ave Trailhead at K and T Trail,N,5298 DEVEREAUX AVE,0.24867625,OTHER,OTHER,1717.64453125,180.743253610971
Basilica Green,Benjamin Franklin Parkway,Y,1773 RACE ST,0.23518674,MANAGED_SITE,OTHER,1621.734375,165.433982013095
31st and York Courts,31st and York Courts,N,3101 W YORK ST,0.22689692,PARK,SPORTS_COMPLEX,1566.27734375,166.361882204006
31st and Cumberland Play Lot,31st and Cumberland Play Lot,N,2462 N 31ST ST,0.20888698,PARK,NEIGHBORHOOD_PARK,1442.02734375,160.101189231669
31st and Huntingdon Play Lot,31st and Huntingdon Play Lot,N,2550 N 31ST ST,0.22439763,PARK,NEIGHBORHOOD_PARK,1549.15234375,171.781001166144
Carpenter Green Park,Carpenter Green Park,N,920 S 17TH ST,0.28240523,MANAGED_SITE,SQUARE_PLAZA,1946.3515625,184.887552760388
South Philadelphia High School Park,South Philadelphia High School Park,N,2125 S BROAD ST,0.49027023,PARK,NEIGHBORHOOD_PARK,3377.4921875,445.932478250948
Fletcher B Amos Playground,Fletcher B Amos Playground,N,1843 N 16TH ST,1.01672491,PARK,RECREATION_SITE,7016.1796875,383.238357234552
Vine Street Park (676 East),Vine Street Park,Y,VINE STREET EXP,1.42806971,TRAFFIC_ISLAND_MEDIAN,GREENWAY,9847.80078125,4402.45938264694
Vine Street Park (676 West),Vine Street Park,Y,VINE STREET EXP,3.27800726,TRAFFIC_ISLAND_MEDIAN,GREENWAY,22605.546875,4699.370879245
Fernhill Park,Fernhill Park,N,4600 MORRIS ST,42.61907835,PARK,RECREATION_SITE,294423.9609375,4327.84189843454
School District Area (Gorgas),Susan Gorgas Park,Y,,8.44687675,MANAGED_SITE,SPORTS_COMPLEX,58381.99609375,986.309217848433
Susan Gorgas Park,Susan Gorgas Park,Y,6424 RIDGE AVE,12.67557668,PARK,NEIGHBORHOOD_PARK,87611.984375,1246.79451550417
Northeast Older Adult Center,George C Pelbano Playground,Y,2138 SOLLY AVE,0.64746754,OTHER,OLDER_ADULT_SITE,4478.6640625,271.49066626012
Mann Center for the Performing Arts,West Fairmount Park,Y,5038 AVENUE OF THE REPUBLIC,20.33720311,MANAGED_SITE,EVENT_SPACE,140351.00390625,1958.7703540994
